ID,Trinket Name,Emoji,Ability,Rarity,,Stats,
even,Even,balance scales,Score 4 points for each even digit.,Common,,Common,17
odd,Odd Duck,duck,Score 4 points for each odd digit.,Common,,Uncommon,18
pair,Cherries,cherries,Score 8 points for each pair of digits.,Common,,Rare,14
high,Head in the Clouds,head in clouds,Score 3 points for each digit that is 5 or higher.,Common,,Legendary,10
low,Small Fry,fries,Score 6 points for each digit lower than 4.,Common,,,
sum,Pocket Change,coin,Score the sum of all 6 digits.,Common,,,
sandwich,Sandwich,sandwich,Score 35 points for each 3-digit sandwich (first and last digit are the same.),Uncommon,,,
brainrot1,Brainrot I,wilted flower,Score 67 points if you have a 6 and a 7.,Uncommon,,,
seven,Lucky Seven,slot machine,Every 7 increases the points I give on every spin by 7.,Uncommon,,,
bookends,Bookends,book,Score 50 points if the first and last digits match.,Uncommon,,,
rainbow,Rainbow,rainbow,Score 9 points for each different digit.,Uncommon,,,
triple,Hat Trick,soccer ball,Score 100 points for every group of three matching digits.,Rare,,,
miniflush,Mini-Flush,toilet paper,Score 150 points if you have 4 of the same number.,Rare,,,
flush,Flush,toilet,Score 300 points if you have 5 of the same number.,Legendary,,,
brainrot2,Brainrot II,skull,"Score 167 points if you have a 6 and then 7, in that order.",Rare,,,
brainrot3,Brainrot III,shrug,Score 670 points if you only have 6s and 7s.,Legendary,,,
mining,Pickaxe,pickaxe,Increases the chance of Rares and Legendaries in the shop by 25%.,Uncommon,,,
magnifier,Magnifying Glass,magnifying glass,Increases the chance of Rares and Legendaries in the shop by 50%.,Rare,,,
detective,Detective,detective,"Score 10,000 points if you score the most common password (123456, in order).",Legendary,,,
pig,Piggy Bank,pig,Gain $20 after each spin.,Common,,,
stocks,Stonks,chart increasing with yen,Gain $100 after each spin.,Uncommon,,,
nerd,Nerd,nerd,Score 420 points and gain $42 for each non-rational number reel you score.,Rare,,,
hotface,Heat Miser,hot face,"Every warm number (8,9,0,1,2) increases the points I give on every spin by 2.",Uncommon,,,
coldface,Cold Miser,cold face,"Every cold number (3,4,5,6,7) increases the points I give on every spin by 2.",Uncommon,,,
eightball,Eight Ball,eight ball,Trinkets activate on 8s twice. ,Rare,,,
realknife,The Real Knife,kitchen knife,Every nine 9s you see guarantees a Legendary Trinket in the next shop and gives you $99.,Rare,,,
hundred,100,100,Score 100 points if your number ends in two zeroes.,Uncommon,,,
cross,The Cross,latin cross,Greatly reduce the chance to see the number 6.,Uncommon,,,
ministraight,Mini Straight,paperclip,"If you have 3 numbers in a row that go sequentially up or down, score the product of those numbers.",Rare,,,
straight,Straight,ruler,"If you have 4 or more numbers in a row that go sequentially up or down, score the product of those numbers.",Rare,,,
graduate,Graduate,graduate,Increases your chance to see Rare and Legendary tools.,Uncommon,,,
bearmarket,Bear Market,downwards chart,"If your last number is lower than your first number, gain $40 and score 40 points.",Uncommon,,,
bullmaket,Bull Market,upwards chart,"If your last number is lower than your first number, gain $40 and score 40 points.",Uncommon,,,
rabbit,Rabbit,rabbit,"I give 77 points each spin. If your final number is divisible by 7, permanently increase the points I give by 77.",Legendary,,,
crystalball,Crystal Ball,crystal ball,"When you see eight 8s, gain a random trinket.",Legendary,,,
heaven,11th Heaven,sun behind cloud,"I give 11 points each spin. If your final number is divisible by 11, permanently double the points I give.",Legendary,,,
three,The Number 3,number 3,"I give 13 points each spin. If your final number is divisible by 3, permanently increase the points I give by 13.",Uncommon,,,
fortunecookie,Fortune Cookie,fortune cookie,Doubles your points if you have no 4s and have at least one 8.,Rare,,,
snail,Snail,snail,"If you don't meet the goal after a spin, gain a random common or uncommon trinket.",Uncommon,,,
fiver,Fiver,dollar bill,Score 25 points if your number is divisible by 5.,Common,,,
zero,Goose Egg,egg,Score 12 points for every zero.,Common,,,
monocle,Monocle,face with monocle,"If you only have 1 unique digit in your final number, score 700 points.",Legendary,,,
elevator,Elevator,elevator,"If all your numbers are strictly increasing or decreasing, score 100 points.",Common,,,
wrench,Wrench,wrench,Tools are 50% cheaper.,Uncommon,,,
screwdriver,Screwdriver,screwdriver,Tool upgrades are 50% cheaper.,Uncommon,,,
constructionworker,Construction Worker,construction worker,"After each spin, gain a random tool upgrade.",Legendary,,,
technologist,Technologist,technologist,"After each spin, gain a random tool.",Legendary,,,
cartwheel,Cartwheeler,cartwheeler,Reroll tools have +5 uses each spin.,Rare,,,
package,Mysterious Package,package,Replace all your other trinkets with ones that are one rarity higher.,Rare,,,
bank,Bank,bank,Gain 10% interest when you enter a shop.,Common,,,
moai,Moai,moai,Picks a new favorite number when you spin. Multiplies your points this round by 2 EVERY time it scores its favorite number.,Legendary,,,
relaxedface,Relaxed Face,relaxed face,Scores +24 points no matter what you spin.,Common,,,
blackjack,Blackjack,spade,"If your numbers sum to 21, triple your score this round.",Common,,,
fullhouse,Full House,house,Double your score this round if you have three of the same digit and two or more of a different digit.,Common,,,
family,The Family,family,Score 10 times the sum of all your digits.,Rare,,,
bean,Bean Counter,bean,"Score 1 point for each 1, then increase the number of points I score by 5.",Common,,,
dragon,Dragon,dragon,Scores +10 points each spin for each trinket you have.,Common,,,
wheel,Wheel,wheel,Shop rerolls cost 1 less.,Common,,,
pairofeyes,Pair of Eyes,eyes,"If you have two zeroes that aren't next to each other, score 21 times your highest digit.",Rare,,,

bicycle,Bicycle,bicycle,Rerolls cost 2 less.,Uncommon,5,Common
apple,Apple,apple,Scores 10 points for each pair of numbers you have that sum to 10.,Common,2,Uncommon
clover,Four-Leaf Clover,four leaf clover,Doubles your chance of rolling a 7.,Common,7,Rare
octopus,Octopus,octopus,"When I see an 8, gain $8.",Common,2,Legendary
yinyang,Yin & Yang,yinyang,Scores 88 points if you have an equal number of odd and even numbers.,Uncommon,,
printer,Printer,printer,Every shop adds a copy of one of your trinkets at double price for sale.,Legendary,,
checkered-flag,Checkered Flag,checkered flag,"If you don't meet the goal, gain enough points to meet it.",Rare,,
hammer,Hammer,hammer,Shops have one more tool upgrade.,Rare,,
backpack,Backpack,backpack,Shops have one more trinket.,Rare,,
new moon,New Moon,new moon face,Multiplies your score by 10 for every grey slot.,Legendary,,
bug,Bug,bug,What did you do? (Scores for 2560 points),Fallback,,
mechanical-arm,Mechanical Arm,mechanical arm,Tool upgrades are much more likely to be Rare or Legendary.,Rare,,
robot,Robot,robot,"Scores 101 (5) points every spin. When Robot sees a 0 or 1, increase the points this gives by 1.",Common,,
devil,Devil,smiling imp,Scores 666 points when you score 3 consecutive 6s.,Rare,,
no-tools,No Tools!,person gesturing no,"If you didn't use any tools this round, score 120 points.",Common,,
test-tube,Replication Experiment,test tube,Gain a copy of a random trinket.,Rare,,
alembic,Novel Experiment,alembic,Gain a random trinket.,Rare,,
